-- phpMyAdmin SQL Dump
-- version 4.5.4.1deb2ubuntu2.1
-- http://www.phpmyadmin.net
--
-- Host: localhost
-- Generation Time: May 23, 2019 at 02:23 AM
-- Server version: 5.7.26-0ubuntu0.16.04.1
-- PHP Version: 7.0.33-0ubuntu0.16.04.4

SET SQL_MODE = "NO_AUTO_VALUE_ON_ZERO";
SET time_zone = "+00:00";


/*!40101 SET @OLD_CHARACTER_SET_CLIENT=@@CHARACTER_SET_CLIENT */;
/*!40101 SET @OLD_CHARACTER_SET_RESULTS=@@CHARACTER_SET_RESULTS */;
/*!40101 SET @OLD_COLLATION_CONNECTION=@@COLLATION_CONNECTION */;
/*!40101 SET NAMES utf8mb4 */;

--
-- Database: `larabill`
--

-- --------------------------------------------------------

--
-- Table structure for table `bills`
--

CREATE TABLE `bills` (
  `bills_id` int(11) NOT NULL,
  `ordered_count` int(11) NOT NULL DEFAULT '1',
  `ordered_date` varchar(100) NOT NULL,
  `ordered_time` varchar(100) NOT NULL,
  `gst` tinyint(1) NOT NULL DEFAULT '0',
  `ordered_total` varchar(100) NOT NULL DEFAULT '0',
  `invoice_number` varchar(50) NOT NULL DEFAULT '0',
  `created_at` timestamp NOT NULL DEFAULT CURRENT_TIMESTAMP ON UPDATE CURRENT_TIMESTAMP,
  `updated_at` datetime NOT NULL
) ENGINE=InnoDB DEFAULT CHARSET=latin1;

--
-- Dumping data for table `bills`
--

INSERT INTO `bills` (`bills_id`, `ordered_count`, `ordered_date`, `ordered_time`, `gst`, `ordered_total`, `invoice_number`, `created_at`, `updated_at`) VALUES
(1, 2, '2018-12-11', '21:55:37', 0, '1262500', '1', '2018-12-11 16:25:42', '2018-12-11 21:55:42'),
(2, 1, '2018-12-11', '21:56:31', 0, '25000', '2', '2018-12-11 16:26:32', '2018-12-11 21:56:32'),
(3, 1, '2018-12-13', '12:45:32', 0, '5000', '3', '2018-12-13 07:15:34', '2018-12-13 12:45:34'),
(5, 1, '2018-12-15', '19:48:10', 0, '12500', '0', '2018-12-15 14:18:10', '2018-12-15 19:48:10'),
(6, 1, '2018-12-15', '19:50:23', 0, '12500', '0', '2018-12-15 14:20:23', '2018-12-15 19:50:23'),
(7, 1, '2018-12-15', '19:50:43', 0, '12500', '0', '2018-12-15 14:20:43', '2018-12-15 19:50:43'),
(8, 2, '2018-12-15', '19:53:31', 0, '1262500', '0', '2018-12-15 14:23:31', '2018-12-15 19:53:31'),
(9, 2, '2018-12-15', '19:56:00', 0, '25000', '0', '2018-12-15 14:26:00', '2018-12-15 19:56:00'),
(10, 1, '2018-12-15', '19:58:00', 0, '1250000', '0', '2018-12-15 14:28:00', '2018-12-15 19:58:00'),
(11, 1, '2018-12-15', '19:59:21', 0, '12500', '0', '2018-12-15 14:29:21', '2018-12-15 19:59:21'),
(12, 5, '2018-12-15', '20:03:36', 0, '1297500', '0', '2018-12-15 14:33:36', '2018-12-15 20:03:36'),
(13, 2, '2018-12-15', '20:08:14', 0, '17500', '0', '2018-12-15 14:38:14', '2018-12-15 20:08:14'),
(14, 1, '2018-12-15', '20:19:52', 0, '500000', '0', '2018-12-15 14:49:52', '2018-12-15 20:19:52'),
(15, 1, '2018-12-15', '20:39:11', 0, '12500', '0', '2018-12-15 15:09:11', '2018-12-15 20:39:11'),
(16, 2, '2018-12-15', '20:39:33', 0, '1262500', '0', '2018-12-15 15:09:34', '2018-12-15 20:39:34'),
(17, 1, '2018-12-15', '20:40:21', 0, '12500', '0', '2018-12-15 15:10:21', '2018-12-15 20:40:21'),
(18, 1, '2018-12-15', '20:41:07', 0, '25000', '0', '2018-12-15 15:11:07', '2018-12-15 20:41:07'),
(19, 1, '2018-12-15', '20:41:57', 0, '25000', '0', '2018-12-15 15:11:57', '2018-12-15 20:41:57'),
(20, 1, '2018-12-15', '20:43:54', 0, '12500', '0', '2018-12-15 15:13:54', '2018-12-15 20:43:54'),
(21, 1, '2018-12-15', '20:45:49', 0, '25000', '0', '2018-12-15 15:15:49', '2018-12-15 20:45:49'),
(22, 1, '2018-12-15', '20:46:43', 0, '12500', '0', '2018-12-15 15:16:43', '2018-12-15 20:46:43'),
(23, 2, '2018-12-15', '20:57:23', 0, '25000', '0', '2018-12-15 15:27:23', '2018-12-15 20:57:23'),
(24, 1, '2018-12-15', '20:57:50', 0, '12500', '0', '2018-12-15 15:27:50', '2018-12-15 20:57:50'),
(25, 1, '2018-12-15', '21:00:25', 0, '12500', '0', '2018-12-15 15:30:25', '2018-12-15 21:00:25'),
(26, 1, '2018-12-15', '21:00:47', 0, '12500', '0', '2018-12-15 15:30:47', '2018-12-15 21:00:47'),
(27, 1, '2018-12-15', '21:02:22', 0, '12500', '0', '2018-12-15 15:32:22', '2018-12-15 21:02:22'),
(28, 1, '2018-12-15', '21:05:52', 0, '12500', '0', '2018-12-15 15:35:52', '2018-12-15 21:05:52'),
(29, 1, '2018-12-15', '21:06:25', 0, '12500', '0', '2018-12-15 15:36:25', '2018-12-15 21:06:25'),
(30, 1, '2018-12-15', '21:06:54', 0, '12500', '0', '2018-12-15 15:36:54', '2018-12-15 21:06:54'),
(31, 1, '2018-12-15', '21:50:43', 0, '12500', '0', '2018-12-15 16:20:43', '2018-12-15 21:50:43'),
(32, 1, '2018-12-15', '21:51:32', 0, '12500', '0', '2018-12-15 16:21:32', '2018-12-15 21:51:32'),
(33, 1, '2018-12-15', '21:51:53', 0, '12500', '0', '2018-12-15 16:21:53', '2018-12-15 21:51:53'),
(34, 1, '2018-12-15', '21:52:18', 0, '12500', '0', '2018-12-15 16:22:18', '2018-12-15 21:52:18'),
(35, 1, '2018-12-28', '20:17:14', 0, '12500', '0', '2018-12-28 14:47:14', '2018-12-28 20:17:14'),
(36, 1, '2018-12-28', '20:18:28', 0, '12500', '0', '2018-12-28 14:48:28', '2018-12-28 20:18:28'),
(37, 1, '2018-12-29', '10:54:29', 0, '12500', '0', '2018-12-29 05:24:29', '2018-12-29 10:54:29'),
(38, 1, '2018-12-29', '10:55:28', 0, '12500', '0', '2018-12-29 05:25:28', '2018-12-29 10:55:28'),
(39, 1, '2018-12-29', '10:56:06', 0, '12500', '0', '2018-12-29 05:26:06', '2018-12-29 10:56:06'),
(40, 1, '2018-12-29', '14:00:07', 0, '12500', '0', '2018-12-29 08:30:07', '2018-12-29 14:00:07'),
(41, 1, '2018-12-29', '14:02:29', 0, '12500', '0', '2018-12-29 08:32:29', '2018-12-29 14:02:29');

-- --------------------------------------------------------

--
-- Table structure for table `gst`
--

CREATE TABLE `gst` (
  `gst_id` int(11) NOT NULL,
  `cgst_percentage` int(11) NOT NULL DEFAULT '0',
  `sgst_percentage` int(11) NOT NULL DEFAULT '0',
  `igst_percentage` int(11) NOT NULL DEFAULT '0',
  `total_gst_percentage` int(11) NOT NULL DEFAULT '0',
  `created_at` datetime NOT NULL,
  `updated_at` timestamp NOT NULL DEFAULT CURRENT_TIMESTAMP ON UPDATE CURRENT_TIMESTAMP
) ENGINE=InnoDB DEFAULT CHARSET=latin1;

--
-- Dumping data for table `gst`
--

INSERT INTO `gst` (`gst_id`, `cgst_percentage`, `sgst_percentage`, `igst_percentage`, `total_gst_percentage`, `created_at`, `updated_at`) VALUES
(1, 5, 5, 5, 10, '2018-11-09 00:00:00', '2018-12-11 13:51:58');

-- --------------------------------------------------------

--
-- Table structure for table `orders`
--

CREATE TABLE `orders` (
  `orders_id` int(11) NOT NULL,
  `bills_id` int(11) NOT NULL,
  `order_name` varchar(255) NOT NULL,
  `order_size` varchar(255) NOT NULL,
  `order_price` varchar(255) NOT NULL,
  `order_quantity` varchar(50) NOT NULL,
  `total_price` varchar(50) NOT NULL,
  `created_at` timestamp NOT NULL DEFAULT CURRENT_TIMESTAMP ON UPDATE CURRENT_TIMESTAMP,
  `updated_at` datetime NOT NULL
) ENGINE=InnoDB DEFAULT CHARSET=latin1;

--
-- Dumping data for table `orders`
--

INSERT INTO `orders` (`orders_id`, `bills_id`, `order_name`, `order_size`, `order_price`, `order_quantity`, `total_price`, `created_at`, `updated_at`) VALUES
(1, 1, 'Table', 'Medium', '2500', '5', '12500', '2018-12-11 16:25:30', '2018-12-11 21:55:30'),
(2, 1, 'Bed', 'Large', '250000', '5', '1250000', '2018-12-11 16:25:37', '2018-12-11 21:55:37'),
(3, 2, 'Table', 'Medium', '2500', '10', '25000', '2018-12-11 16:26:31', '2018-12-11 21:56:31'),
(4, 3, 'Table', 'Medium', '2500', '2', '5000', '2018-12-13 07:15:32', '2018-12-13 12:45:32'),
(7, 5, 'Table', 'Medium', '2500', '5', '12500', '2018-12-15 14:18:10', '2018-12-15 19:48:10'),
(8, 6, 'Table', 'Medium', '2500', '5', '12500', '2018-12-15 14:20:23', '2018-12-15 19:50:23'),
(9, 7, 'Table', 'Medium', '2500', '5', '12500', '2018-12-15 14:20:43', '2018-12-15 19:50:43'),
(10, 8, 'Table', 'Medium', '2500', '5', '12500', '2018-12-15 14:22:38', '2018-12-15 19:52:38'),
(11, 8, 'Bed', 'Large', '250000', '5', '1250000', '2018-12-15 14:23:31', '2018-12-15 19:53:31'),
(12, 9, 'Table', 'Medium', '2500', '5', '12500', '2018-12-15 14:25:43', '2018-12-15 19:55:43'),
(13, 9, 'Table', 'Medium', '2500', '5', '12500', '2018-12-15 14:26:00', '2018-12-15 19:56:00'),
(14, 10, 'Bed', 'Large', '250000', '5', '1250000', '2018-12-15 14:28:01', '2018-12-15 19:58:01'),
(15, 11, 'Table', 'Medium', '2500', '5', '12500', '2018-12-15 14:29:21', '2018-12-15 19:59:21'),
(16, 12, 'Table', 'Medium', '2500', '5', '12500', '2018-12-15 14:29:59', '2018-12-15 19:59:59'),
(17, 12, 'Bed', 'Large', '250000', '5', '1250000', '2018-12-15 14:31:25', '2018-12-15 20:01:25'),
(18, 12, 'Chair', 'Small', '5000', '2', '10000', '2018-12-15 14:33:13', '2018-12-15 20:03:13'),
(19, 12, 'Table', 'Medium', '2500', '5', '12500', '2018-12-15 14:33:21', '2018-12-15 20:03:21'),
(20, 12, 'Table', 'Medium', '2500', '5', '12500', '2018-12-15 14:33:36', '2018-12-15 20:03:36'),
(21, 13, 'Table', 'Medium', '2500', '5', '12500', '2018-12-15 14:38:08', '2018-12-15 20:08:08'),
(22, 13, 'Table', 'Medium', '2500', '2', '5000', '2018-12-15 14:38:14', '2018-12-15 20:08:14'),
(23, 14, 'Bed', 'Large', '250000', '2', '500000', '2018-12-15 14:49:52', '2018-12-15 20:19:52'),
(24, 15, 'Table', 'Medium', '2500', '5', '12500', '2018-12-15 15:09:11', '2018-12-15 20:39:11'),
(25, 16, 'Bed', 'Large', '250000', '5', '1250000', '2018-12-15 15:09:26', '2018-12-15 20:39:26'),
(26, 16, 'Table', 'Medium', '2500', '5', '12500', '2018-12-15 15:09:34', '2018-12-15 20:39:34'),
(27, 17, 'Table', 'Medium', '2500', '5', '12500', '2018-12-15 15:10:21', '2018-12-15 20:40:21'),
(28, 18, 'Chair', 'Small', '5000', '5', '25000', '2018-12-15 15:11:07', '2018-12-15 20:41:07'),
(29, 19, 'Desk', 'Small', '5000', '5', '25000', '2018-12-15 15:11:57', '2018-12-15 20:41:57'),
(30, 20, 'Table', 'Medium', '2500', '5', '12500', '2018-12-15 15:13:54', '2018-12-15 20:43:54'),
(31, 21, 'Chair', 'Small', '5000', '5', '25000', '2018-12-15 15:15:49', '2018-12-15 20:45:49'),
(32, 22, 'Table', 'Medium', '2500', '5', '12500', '2018-12-15 15:16:43', '2018-12-15 20:46:43'),
(33, 23, 'Table', 'Medium', '2500', '5', '12500', '2018-12-15 15:22:44', '2018-12-15 20:52:44'),
(34, 23, 'Table', 'Medium', '2500', '5', '12500', '2018-12-15 15:27:23', '2018-12-15 20:57:23'),
(35, 24, 'Table', 'Medium', '2500', '5', '12500', '2018-12-15 15:27:50', '2018-12-15 20:57:50'),
(36, 25, 'Table', 'Medium', '2500', '5', '12500', '2018-12-15 15:30:25', '2018-12-15 21:00:25'),
(37, 26, 'Table', 'Medium', '2500', '5', '12500', '2018-12-15 15:30:47', '2018-12-15 21:00:47'),
(38, 27, 'Table', 'Medium', '2500', '5', '12500', '2018-12-15 15:32:22', '2018-12-15 21:02:22'),
(39, 28, 'Table', 'Medium', '2500', '5', '12500', '2018-12-15 15:35:52', '2018-12-15 21:05:52'),
(40, 29, 'Table', 'Medium', '2500', '5', '12500', '2018-12-15 15:36:26', '2018-12-15 21:06:26'),
(41, 30, 'Table', 'Medium', '2500', '5', '12500', '2018-12-15 15:36:54', '2018-12-15 21:06:54'),
(42, 31, 'Table', 'Medium', '2500', '5', '12500', '2018-12-15 16:20:43', '2018-12-15 21:50:43'),
(43, 32, 'Table', 'Medium', '2500', '5', '12500', '2018-12-15 16:21:32', '2018-12-15 21:51:32'),
(44, 33, 'Table', 'Medium', '2500', '5', '12500', '2018-12-15 16:21:53', '2018-12-15 21:51:53'),
(45, 34, 'Table', 'Medium', '2500', '5', '12500', '2018-12-15 16:22:18', '2018-12-15 21:52:18');

-- --------------------------------------------------------

--
-- Table structure for table `products`
--

CREATE TABLE `products` (
  `products_id` int(11) NOT NULL,
  `products_name` varchar(255) NOT NULL,
  `products_code` varchar(100) NOT NULL,
  `products_price` varchar(100) NOT NULL,
  `created_at` datetime NOT NULL,
  `updated_at` timestamp NOT NULL DEFAULT CURRENT_TIMESTAMP ON UPDATE CURRENT_TIMESTAMP
) ENGINE=InnoDB DEFAULT CHARSET=latin1;

--
-- Dumping data for table `products`
--

INSERT INTO `products` (`products_id`, `products_name`, `products_code`, `products_price`, `created_at`, `updated_at`) VALUES
(1, 'Table', 'Medium', '2500', '2018-11-30 17:15:45', '2018-11-30 11:45:45'),
(2, 'Chair', 'Small', '5000', '2018-11-30 17:15:56', '2018-11-30 11:45:56'),
(3, 'Bed', 'Large', '250000', '2018-11-30 17:16:12', '2018-11-30 11:46:12'),
(4, 'Desk', 'Small', '50000000', '2018-11-30 17:16:26', '2018-12-19 09:39:21'),
(5, 'anas', 'med', '5000', '2018-12-15 20:41:21', '2018-12-15 15:11:21'),
(6, 'aanas', 'small', '5', '2018-12-15 20:41:42', '2018-12-15 15:11:42'),
(7, 'Desk', 'Small', '10', '2018-12-19 14:52:42', '2018-12-19 09:22:42'),
(8, 'Desk', 'Small', '50000000', '2018-12-19 15:10:39', '2018-12-19 09:40:39'),
(9, 'Desk', 'Small', '50000000', '2018-12-19 15:12:05', '2018-12-19 09:42:05');

--
-- Indexes for dumped tables
--

--
-- Indexes for table `bills`
--
ALTER TABLE `bills`
  ADD PRIMARY KEY (`bills_id`);

--
-- Indexes for table `gst`
--
ALTER TABLE `gst`
  ADD PRIMARY KEY (`gst_id`);

--
-- Indexes for table `orders`
--
ALTER TABLE `orders`
  ADD PRIMARY KEY (`orders_id`);

--
-- Indexes for table `products`
--
ALTER TABLE `products`
  ADD PRIMARY KEY (`products_id`);

--
-- AUTO_INCREMENT for dumped tables
--

--
-- AUTO_INCREMENT for table `bills`
--
ALTER TABLE `bills`
  MODIFY `bills_id` int(11) NOT NULL AUTO_INCREMENT, AUTO_INCREMENT=42;
--
-- AUTO_INCREMENT for table `gst`
--
ALTER TABLE `gst`
  MODIFY `gst_id` int(11) NOT NULL AUTO_INCREMENT, AUTO_INCREMENT=2;
--
-- AUTO_INCREMENT for table `orders`
--
ALTER TABLE `orders`
  MODIFY `orders_id` int(11) NOT NULL AUTO_INCREMENT, AUTO_INCREMENT=46;
--
-- AUTO_INCREMENT for table `products`
--
ALTER TABLE `products`
  MODIFY `products_id` int(11) NOT NULL AUTO_INCREMENT, AUTO_INCREMENT=10;
/*!40101 SET CHARACTER_SET_CLIENT=@OLD_CHARACTER_SET_CLIENT */;
/*!40101 SET CHARACTER_SET_RESULTS=@OLD_CHARACTER_SET_RESULTS */;
/*!40101 SET COLLATION_CONNECTION=@OLD_COLLATION_CONNECTION */;
